order_id,order_date,region,product,quantity,unit_price
1001,2026-01-05,west,widget,3,9.99
1002,2026-01-05,east,gadget,1,24.50
1003,2026-01-06,west,gizmo,2,14.00
1004,2026-01-07,north,widget,5,9.99
1005,2026-01-08,south,gadget,2,24.50
1006,2026-01-09,east,widget,4,9.99
1007,2026-01-10,north,gizmo,1,14.00
1008,2026-01-12,west,gadget,3,24.50
1009,2026-01-13,south,widget,6,9.99
1010,2026-01-14,east,gizmo,2,14.00
1011,2026-01-15,west,widget,1,9.99
1012,2026-01-16,north,gadget,2,24.50
1013,2026-01-18,south,gizmo,3,14.00
1014,2026-01-19,east,gadget,1,24.50
1015,2026-01-20,west,gizmo,4,14.00
1016,2026-01-21,north,widget,2,9.99
1017,2026-01-22,south,gadget,5,24.50
1018,2026-01-23,east,widget,3,9.99
1019,2026-01-26,west,gadget,2,24.50
1020,2026-01-27,north,gizmo,6,14.00
